1612,"CrowdStrike Holdings, Inc.",CRWD,Software—Infrastructure,Technology,7321,-0.02587,-0.110039994,35397853184,149.29,-0.65,-229.67692307692306
1613,Adobe Inc.,ADBE,Software—Infrastructure,Technology,29239,0.14306,0.33681,237111721984,520.21,10.51,49.49666983824929
1614,"Automatic Data Processing, Inc.",ADP,Staffing & Employment Services,Industrials,63000,0.04998,1.0133001,104400314368,252.71,7.82,32.31585677749361
1615,"Airbnb, Inc.",ABNB,Travel Services,Consumer Cyclical,6811,0.06083,0.44643003,88084430848,139.76,3.02,46.27814569536424
1616,Microchip Technology Incorporat,MCHP,Semiconductors,Technology,22600,0.12737,0.37425,45713174528,83.98,4.02,20.890547263681594
1617,"The Trade Desk, Inc.",TTD,Software—Application,Technology,2770,0.01806,0.043070003,38477381632,78.71,0.16,491.93749999999994
1618,"Workday, Inc.",WDAY,Software—Application,Technology,17866,-0.008119999,-0.04932,59707666432,228.765,-1.05,-217.87142857142854
1619,NVIDIA Corporation,NVDA,Semiconductors,Technology,26196,0.06267,0.18855,1058950807552,428.725,1.91,224.46335078534034
1620,Starbucks Corporation,SBUX,Restaurants,Consumer Cyclical,402000,0.11141,,116858281984,101.935,3.08,33.09577922077922
1621,Intel Corporation,INTC,Semiconductors,Technology,131900,-0.00843,-0.00911,145574346752,34.77,-0.7,-49.67142857142858
1622,"Walgreens Boots Alliance, Inc.",WBA,Pharmaceutical Retailers,Healthcare,325000,0.0066799996,-0.12595001,25470515200,29.505,-3.85,-7.663636363636363
1623,"Gilead Sciences, Inc.",GILD,Drug Manufacturers—General,Healthcare,17000,0.09774,0.26348,100711038976,80.74,4.42,18.266968325791854
1624,lululemon athletica inc.,LULU,Apparel Retail,Consumer Cyclical,34000,0.22729,0.31903,50082668544,394.15,7.46,52.83512064343163
1625,"Regeneron Pharmaceuticals, Inc.",REGN,Biotechnology,Healthcare,11851,0.09548,0.19232,87405961216,796.7,36.84,21.625950054288815
1626,"Zoom Video Communications, Inc.",ZM,Software—Application,Technology,8484,0.0051599997,0.00088,20140820480,67.69,0.02,3384.5
1627,NXP Semiconductors N.V.,NXPI,Semiconductors,Technology,34500,0.10119,0.35801998,55747104768,216.24,10.51,20.574690770694577
1628,Keurig Dr Pepper Inc.,KDP,Beverages—Non-Alcoholic,Consumer Defensive,28000,0.03665,0.06325,47559503872,33.8796,0.93,36.42967741935484
1629,Texas Instruments Incorporated,TXN,Semiconductors,Technology,33000,0.19308001,0.51192003,153279479808,168.81,8.91,18.946127946127945
1630,"T-Mobile US, Inc.",TMUS,Telecom Services,Communication Services,71000,0.04458,0.09053001,166334758912,138.625,3.09,44.86245954692557
1631,Electronic Arts Inc.,EA,Electronic Gaming & Multimedia,Communication Services,13400,0.07474,0.11927,33391476736,122.71,2.87,42.756097560975604
1632,ON Semiconductor Corporation,ON,Semiconductors,Technology,31000,0.14566,0.31506002,43128995840,99.865,4.07,24.536855036855034
1633,Vertex Pharmaceuticals Incorpor,VRTX,Biotechnology,Healthcare,4800,0.15556,0.24558,89901121536,349.0601,12.57,27.7692999204455
1634,Sirius XM Holdings Inc.,SIRI,Entertainment,Communication Services,5869,0.12495,,19361343488,5.005,0.29,17.258620689655174
1635,"Ross Stores, Inc.",ROST,Apparel Retail,Consumer Cyclical,101000,0.09212,0.36938,39120932864,114.84,4.5,25.52
1636,"Verisk Analytics, Inc.",VRSK,Consulting Services,Industrials,7000,0.074499995,0.58314997,34148235264,235.845,4.86,48.52777777777777
1637,Cognizant Technology Solutions ,CTSH,Information Technology Services,Technology,345600,0.104540005,0.17648001,36030865408,71,4.48,15.848214285714285
1638,Alphabet Inc.,GOOGL,Internet Content & Information,Communication Services,181798,0.1296,0.23329,1665505951744,131.005,4.4,29.773863636363632
1639,Alphabet Inc.,GOOG,Internet Content & Information,Communication Services,181798,0.1296,0.23329,1668704632832,131.62,4.39,29.98177676537586
1640,"Diamondback Energy, Inc.",FANG,Oil & Gas E&P,Energy,972,0.11717,0.23724002,27343400960,150.9901,24.14,6.25476801988401
1641,Microsoft Corporation,MSFT,Software—Infrastructure,Technology,221000,0.14245,0.38824,2416757178368,325.03,9.23,35.2145178764897
1642,"Warner Bros. Discovery, Inc. - ",WBD,Entertainment,Communication Services,37500,-0.01031,-0.13324,34702389248,14.245,-5.01,-2.8433133732534928
1643,PDD Holdings Inc.,PDD,Internet Retail,Consumer Cyclical,12992,0.107559994,0.36463,114240528384,85.9863,3.87,22.218682170542635
1644,"Align Technology, Inc.",ALGN,Medical Devices,Healthcare,23165,0.060229998,0.0868,27172716544,355.12,3.99,89.00250626566415
1645,"Amazon.com, Inc.",AMZN,Internet Retail,Consumer Cyclical,1541000,0.02467,0.087139994,1434923171840,139.8506,0.42,332.97761904761904
1646,"Advanced Micro Devices, Inc.",AMD,Semiconductors,Technology,25000,-0.00349,-0.00045000002,180683685888,112.2008,0.18,623.3377777777778
1647,The Kraft Heinz Company,KHC,Packaged Foods,Consumer Defensive,37000,0.0359,0.063769996,42554544128,34.675,1.96,17.691326530612244
1648,"PayPal Holdings, Inc.",PYPL,Credit Services,Financial Services,29900,0.03875,0.20671,69904801792,62.655,2.32,27.00646551724138
1649,"Old Dominion Freight Line, Inc.",ODFL,Trucking,Industrials,22717,0.21756001,0.34617,44616015872,406.8874,12.17,33.43364009860312
1650,Honeywell International Inc.,HON,Conglomerates,Industrials,97000,0.07514,0.30356002,126445338624,189.95,7.7,24.66883116883117
1651,"Netflix, Inc.",NFLX,Entertainment,Communication Services,12800,0.07235,0.20265,194740076544,438.07,8.57,51.11668611435239
1652,American Electric Power Company,AEP,Utilities—Regulated Electric,Utilities,16974,0.02495,0.08191,41976057856,81.54,3.85,21.17922077922078
1653,Monster Beverage Corporation,MNST,Beverages—Non-Alcoholic,Consumer Defensive,4607,0.13054,0.19594999,61342441472,58.605,1.23,47.64634146341463
1654,Marriott International,MAR,Lodging,Consumer Cyclical,377000,0.10168,3.59948,63695237120,209.97,8.52,24.6443661971831
1655,"O'Reilly Automotive, Inc.",ORLY,Specialty Retail,Consumer Cyclical,88149,0.15114,,56851759104,933.85,34.59,26.997687192830295
1656,eBay Inc.,EBAY,Internet Retail,Consumer Cyclical,11600,0.07366,0.25535,23493670912,43.935,2.37,18.537974683544302
1657,"Tesla, Inc.",TSLA,Auto Manufacturers,Consumer Cyclical,127855,0.0994,0.27139,791772463104,249.8099,3.08,81.10711038961038
1658,Xcel Energy Inc.,XEL,Utilities—Regulated Electric,Utilities,11982,0.02548,0.105459996,32938803200,59.85,3.23,18.529411764705884
1659,"Mondelez International, Inc.",MDLZ,Confectioners,Consumer Defensive,91000,0.05106,0.1475,101430591488,74.48,2.87,25.951219512195124
1660,"Moderna, Inc.",MRNA,Biotechnology,Healthcare,3900,0.01338,0.0691,39146352640,102.69,11.63,8.82975064488392
1661,Atlassian Corporation,TEAM,Software—Application,Technology,,-0.05625,-0.98307997,51614715904,200.83,-2.44,-82.30737704918033
1662,Lam Research Corporation,LRCX,Semiconductor Equipment & Materials,Technology,,0.18398,0.62269,93602070528,696.755,35.96,19.37583426028921
1663,"Palo Alto Networks, Inc.",PANW,Software—Infrastructure,Technology,13979,0.00738,0.27427,66459234304,217.29,0.66,329.2272727272727
1664,"Marvell Technology, Inc.",MRVL,Semiconductors,Technology,7418,0.00551,-0.0107700005,51470999552,59.85,-0.19,-315
1665,Apple Inc.,AAPL,Consumer Electronics,Technology,164000,0.20896,1.60093,2826447355904,179.7,5.89,30.509337860780985
1666,Baker Hughes Company,BKR,Oil & Gas Equipment & Services,Energy,57000,0.040949997,0.07737,36543483904,35.945,1.15,31.256521739130438
1667,"Cadence Design Systems, Inc.",CDNS,Software—Application,Technology,10200,0.14491999,0.32152998,62046941184,228.29,3.22,70.8975155279503
1668,Constellation Energy Corporatio,CEG,Utilities—Renewable,Utilities,13370,0.00879,0.06617,34611412992,106.69,-0.53,-201.30188679245282
1669,"Datadog, Inc.",DDOG,Software—Application,Technology,4800,-0.022950001,-0.06389,29132908544,90.51,-0.29,-312.1034482758621
1670,"Enphase Energy, Inc.",ENPH,Solar,Technology,2821,0.13473,0.80449,19131342848,139.6,3.33,41.92192192192192
1671,"Micron Technology, Inc.",MU,Semiconductors,Technology,48000,-0.02465,-0.061490003,72673148928,66.35,-2.66,-24.943609022556387
1672,QUALCOMM Incorporated,QCOM,Semiconductors,Technology,51000,0.13075,0.47022998,130711191552,117.335,9.38,12.509061833688698
1673,PACCAR Inc.,PCAR,Farm & Heavy Construction Machinery,Industrials,31100,0.09408,0.26421,44809187328,85.71,6.95,12.332374100719424
1674,Intuit Inc.,INTU,Software—Application,Technology,17300,0.067729995,0.1296,141694959616,505.945,7.9,64.04367088607594
1675,"Meta Platforms, Inc.",META,Internet Content & Information,Communication Services,71469,0.11693,0.17356001,794113146880,309.87,7.71,40.190661478599225
1676,"Paychex, Inc.",PAYX,Staffing & Employment Services,Industrials,16600,0.12592,0.47346002,44886171648,124.495,4.31,28.885150812064968
1677,"Analog Devices, Inc.",ADI,Semiconductors,Technology,24450,0.05534,0.099139996,93614735360,186.7,7.04,26.519886363636363
1678,Amgen Inc.,AMGN,Drug Manufacturers—General,Healthcare,25200,0.08541001,1.73457,140573409280,263.085,14.72,17.872622282608692
1679,"Applied Materials, Inc.",AMAT,Semiconductor Equipment & Materials,Technology,34200,0.17958,0.50482,123098513408,146.59,7.59,19.31357048748353
1680,KLA Corporation,KLAC,Semiconductor Equipment & Materials,Technology,15000,0.18709,1.56864,69219639296,504.52,24.54,20.559087204563976
1681,Costco Wholesale Corporation,COST,Discount Stores,Consumer Defensive,304000,0.07868,0.27265,250697678848,565.72,13.48,41.967359050445104
1682,"ANSYS, Inc.",ANSS,Software—Application,Technology,6000,0.06063,0.111899994,26178211840,302.075,6.4,47.19921874999999
1683,ASML Holding N.V. - New York Re,ASML,Semiconductor Equipment & Materials,Technology,38866,0.14466,0.68437,275476971520,689.28,20.73,33.25036179450072
1684,Astrazeneca PLC,AZN,Drug Manufacturers—General,Healthcare,83500,0.08324,0.16816999,220717236224,71.125,1.51,47.102649006622514
1685,"Autodesk, Inc.",ADSK,Software—Application,Technology,13700,0.074,1.0620999,44930547712,210.225,3.86,54.46243523316062
1686,"IDEXX Laboratories, Inc.",IDXX,Diagnostics & Research,Healthcare,11000,0.23912,1.02063,43030564864,518.41,8.29,62.53437876960193
1687,"Intuitive Surgical, Inc.",ISRG,Medical Instruments & Supplies,Healthcare,12120,0.07472,0.12047,108031975424,307.4724,3.99,77.06075187969924
1688,GE HealthCare Technologies Inc.,GEHC,Health Information Services,Healthcare,50000,0.05766,0.15262,33590835200,73.8523,3.49,21.16111747851003
1689,GlobalFoundries Inc.,GFS,Semiconductors,Technology,14000,0.04934,0.16325001,33165606912,60.07,2.78,21.60791366906475
1690,Seagen Inc.,SGEN,Biotechnology,Healthcare,3256,-0.12561,-0.26126,36717035520,195.82,-3.46,-56.59537572254335
1691,"MercadoLibre, Inc.",MELI,Internet Retail,Consumer Cyclical,40548,0.07231,0.39508998,68515803136,1364.65,12.12,112.59488448844886
1692,Fastenal Company,FAST,Industrial Distribution,Industrials,20631,0.20452999,0.34249002,32763090944,57.345,1.96,29.257653061224488
1693,Cintas Corporation,CTAS,Specialty Business Services,Industrials,44500,0.13498001,0.3759,50340552704,494.835,13.01,38.03497309761722
1694,"Dollar Tree, Inc.",DLTR,Discount Stores,Consumer Defensive,65025,0.05481,0.16078,33084194816,150.12,6.18,24.29126213592233
1695,"Zscaler, Inc.",ZS,Software—Infrastructure,Technology,4975,-0.05799,-0.47546002,21358442496,146.4,-1.79,-81.7877094972067
1696,Biogen Inc.,BIIB,Drug Manufacturers—General,Healthcare,8725,0.0651,0.2025,39208439808,270.885,20.95,12.930071599045347
1697,Booking Holdings Inc. Common St,BKNG,Travel Services,Consumer Cyclical,23100,0.14231,2.67126,119730561024,3241.77,100.07,32.39502348356151
1698,"Charter Communications, Inc.",CHTR,Telecom Services,Communication Services,101700,0.05473,0.38838002,64172056576,426.18,30.88,13.801165803108809
1699,"Cisco Systems, Inc.",CSCO,Communication Equipment,Technology,83300,0.09556,0.2774,219197472768,53.79,2.79,19.279569892473116
1700,Exelon Corporation,EXC,Utilities—Regulated Electric,Utilities,19063,0.02465,0.087,40011509760,40.23,2.26,17.800884955752213
1701,"Illumina, Inc.",ILMN,Diagnostics & Research,Healthcare,11500,-0.00097000005,-0.51023,30342551552,191.92,-28.81,-6.661575841721624
1702,Broadcom Inc.,AVGO,Semiconductors,Technology,20000,0.13842,0.63668996,352530595840,854.2365,31.92,26.761795112781954
1703,Comcast Corporation,CMCSA,Telecom Services,Communication Services,186000,0.054429997,0.06925,193141899264,46.33,1.34,34.57462686567164
1704,"CoStar Group, Inc.",CSGP,Real Estate Services,Real Estate,5653,0.02823,0.05919,33393977344,81.74,0.87,93.95402298850574
1705,"DexCom, Inc.",DXCM,Medical Devices,Healthcare,7500,0.04654,0.16413,44213760000,114.06,0.72,158.41666666666669
1706,"Pepsico, Inc.",PEP,Beverages—Non-Alcoholic,Consumer Defensive,315000,0.083850004,0.43694,254956388352,185.21,5.72,32.379370629370634
1707,"Lucid Group, Inc.",LCID,Auto Manufacturers,Consumer Cyclical,7200,,,15562038272,6.845,-1.64,-4.173780487804878
1708,"Fortinet, Inc.",FTNT,Software—Infrastructure,Technology,12595,0.11455,,48395554816,61.635,1.18,52.233050847457626
1709,"Copart, Inc.",CPRT,Specialty Business Services,Industrials,9500,0.15057999,0.23200001,42100658176,88.18,2.41,36.58921161825726
1710,CSX Corporation,CSX,Railroads,Industrials,22700,0.091350004,0.32359,62597496832,31.2,1.98,15.757575757575758
1711,"JD.com, Inc.",JD,Internet Retail,Consumer Cyclical,450679,0.02574,0.07326,61015543808,38.8399,1.72,22.581337209302326
1712,"Synopsys, Inc.",SNPS,Software—Infrastructure,Technology,19000,0.068390004,0.15845,66381324288,436.26,5.98,72.95317725752507
1713,ABB Ltd,ABB.ST,Electrical Equipment & Parts,Industrials,104720,0.07093,0.27477,761946701824,409.9,18.92,21.664904862579277
1714,Alfa Laval AB,ALFA.ST,Specialty Industrial Machinery,Industrials,20655,0.0659,0.16328,160990478336,389.5,12.79,30.45347928068804
1715,Samhällsbyggnadsbo. i Norden A,SBB-B.ST,Real Estate Services,Real Estate,33,-0.0050999997,-0.3563,7173246464,4.377,-2.82,-1.5521276595744682
1716,Svenska Handelsbanken ser. A,SHB-A.ST,Banks—Diversified,Financial Services,11434,0.00672,0.13104,189985112064,95.54,12.64,7.5585443037974684
1717,Telia Company AB,TELIA.ST,Telecom Services,Communication Services,19044,0.025050001,-0.19860001,85326790656,21.7,-3.88,-5.592783505154639
1718,Investor AB ser. B,INVE-B.ST,Asset Management,Financial Services,18350,0.12504,0.22669001,657246978048,215.5,45.06,4.782512205947625
1719,Skandinaviska Enskilda Banken s,SEB-A.ST,Banks—Regional,Financial Services,17428,0.0082,0.16903,269531480064,128.6,14.13,9.101203113941967
1720,Swedbank AB ser A,SWED-A.ST,Banks—Regional,Financial Services,16865,0.00992,0.17083,221191913472,196.65,22.2,8.858108108108109
1721,"Ericsson, Telefonab. L M ser. B",ERIC-B.ST,Communication Equipment,Technology,103890,0.04269,0.09631,182018768896,54.2,3.63,14.931129476584024
1722,Svenska Cellulosa AB SCA ser. B,SCA-B.ST,Lumber & Wood Production,Basic Materials,3300,0.02231,0.05475,96887291904,137.9,9,15.322222222222223
1723,"Hennes & Mauritz AB, H & M ser.",HM-B.ST,Apparel Manufacturing,Consumer Cyclical,150000,0.021070002,0.06915,277047312384,170,2.15,79.06976744186046
1724,ASSA ABLOY AB ser. B,ASSA-B.ST,Security & Protection Services,Industrials,53824,0.07042,0.15773,275473432576,248,12.23,20.278004905968928
1725,Atlas Copco AB ser. A,ATCO-A.ST,Specialty Industrial Machinery,Industrials,51363,0.12715,0.34389,683927142400,146.7,5.34,27.47191011235955
1726,Atlas Copco AB ser. B,ATCO-B.ST,Specialty Industrial Machinery,Industrials,51363,0.12715,0.34389,687816310784,127.6,5.33,23.93996247654784
1727,Evolution AB,EVO.ST,Gambling,Consumer Cyclical,12713,0.16063,0.29384002,271173451776,1269.2,50.83,24.969506197127682
1728,Nordea Bank Abp,NDA-SE.ST,Banks—Regional,Financial Services,29317,0.007850001,0.15943,435397263360,121.86,14.85,8.206060606060607
1729,Sinch AB,SINCH.ST,Telecom Services,Communication Services,3587,0.011410001,-0.13693,21903747072,25.99,-7.5,-3.465333333333333
1730,NIBE Industrier AB ser. B,NIBE-B.ST,Building Products & Equipment,Industrials,21300,0.07467,0.19156,181607596032,90.08,2.47,36.46963562753036
1731,AstraZeneca PLC,AZN.ST,Drug Manufacturers—General,Healthcare,83500,0.08324,0.16816999,2357966405632,1508.5,31.51,47.873690891780385
1732,"Volvo, AB ser. B",VOLV-B.ST,Farm & Heavy Construction Machinery,Industrials,88834,0.05645,0.24357,465742528512,227.55,19.15,11.882506527415146
1733,Essity AB ser. B,ESSITY-B.ST,Household & Personal Products,Consumer Defensive,48000,0.04454,0.11675999,182144958464,259.4,12.7,20.4251968503937
1734,Getinge AB ser. B,GETI-B.ST,Medical Devices,Healthcare,11098,0.04361,0.07301,52812537856,193.9,7.92,24.482323232323232
1735,"SKF, AB ser. B",SKF-B.ST,Tools & Accessories,Industrials,41675,0.0631,0.11956,86021562368,188.95,13.4,14.100746268656716
1736,"Electrolux, AB ser. B",ELUX-B.ST,"Furnishings, Fixtures & Appliances",Consumer Cyclical,51000,-0.00813,-0.19919,35007365120,128.6,-8.46,-15.200945626477539
1737,Hexagon AB ser. B,HEXA-B.ST,Scientific & Technical Instruments,Technology,24875,0.05963,0.10967,280668078080,104.35,4.47,23.344519015659955
1738,Autoliv Inc. SDB,ALIV-SDB.ST,Auto Parts,Consumer Cyclical,63368,0.06063,0.15243,88959811584,1042,48.99,21.26964686670749
1739,Kinnevik AB ser. B,KINV-B.ST,Asset Management,Financial Services,45,-0.07334,-0.123500004,37187928064,131.05,-26.3,-4.982889733840304
1740,Sandvik AB,SAND.ST,Specialty Industrial Machinery,Industrials,40882,0.074039996,0.17496,259533291520,206.9,11.13,18.589398023360285
1741,Tele2 AB ser. B,TEL2-B.ST,Telecom Services,Communication Services,4438,0.04892,0.17211,53431070720,77.1,5.23,14.741873804971316
1742,Boliden AB,BOL.ST,Other Industrial Metals & Mining,Basic Materials,6146,0.07224,0.15602,81533632512,298.1,30.51,9.770567027204196
1743,Equinor ASA,EQNR,Oil & Gas Integrated,Energy,21936,0.24576999,0.52908003,99793027072,32.075,9.03,3.5520487264673317
1744,EnQuest PLC,ENQ.ST,Oil & Gas E&P,Energy,779,0.10226,-0.08206,4658222592,2.47,-0.23,-10.73913043478261
1745,International Petroleum Corpora,IPCO.ST,Oil & Gas E&P,Energy,,0.12011,0.22525999,12737472512,97.8,21.14,4.626300851466414
1746,3M Company,MMM,Conglomerates,Industrials,92000,-0.06158,-0.13371,57806954496,104.785,9.68,10.824896694214877
1747,A.O. Smith Corporation,AOS,Specialty Industrial Machinery,Industrials,12000,0.13307999,0.14866,10999566336,73.115,1.59,45.984276729559745
1748,Abbott Laboratories,ABT,Medical Devices,Healthcare,115000,0.05662,0.13926,185111216128,106.45,3.29,32.35562310030395
1749,AbbVie Inc.,ABBV,Drug Manufacturers—General,Healthcare,50000,,,269174194176,152.568,4.25,35.898352941176476
1750,Accenture plc,ACN,Information Technology Services,Technology,732000,0.12674,0.30319,198487965696,314.41,11.21,28.04727921498662
1751,"Activision Blizzard, Inc",ATVI,Electronic Gaming & Multimedia,Communication Services,13000,0.052020002,0.11096,71961067520,91.535,2.73,33.52930402930403
1752,Archer-Daniels-Midland Company,ADM,Farm Products,Consumer Defensive,40360,0.043909997,0.16655001,47317889024,86.88,7.5,11.584
1753,Advance Auto Parts Inc.,AAP,Specialty Retail,Consumer Cyclical,40000,0.03311,0.14596,4313843712,72.57,6.73,10.783060921248142
1754,The AES Corporation,AES,Utilities—Diversified,Utilities,9100,0.037320003,-0.061290003,13102253056,19.575,-0.77,-25.42207792207792
1755,AFLAC Incorporated,AFL,Insurance—Life,Financial Services,12882,0.02339,0.19569999,46241492992,76.53,6.93,11.043290043290044
1756,"Agilent Technologies, Inc.",A,,,,,,38050336768,128.82,,
1757,"Air Products and Chemicals, Inc",APD,Specialty Chemicals,Basic Materials,19710,0.05669,0.15038,63345037312,285.18,9.73,29.309352517985612
1758,"Akamai Technologies, Inc.",AKAM,Software—Infrastructure,Technology,9800,,,15813025792,103.895,3.09,33.62297734627832
1759,"Alaska Air Group, Inc.",ALK,Airlines,Industrials,23140,0.017970001,0.04129,5952965120,46.5399,0.43,108.23232558139536
1760,Albemarle Corporation,ALB,Specialty Chemicals,Basic Materials,7400,0.12932,0.49376,22527338496,191.99,31.2,6.153525641025642
1761,Alexandria Real Estate Equities,ARE,REIT—Office,Real Estate,593,0.01208,0.03396,21292824576,123.06,3.39,36.30088495575221
1762,Allegion plc,ALLE,Security & Protection Services,Industrials,12300,0.11366,0.53703,9709316096,110.4,5.54,19.92779783393502
1763,Alliant Energy Corporation,LNT,Utilities—Regulated Electric,Utilities,3129,0.027660001,0.1043,12982933504,51.645,2.61,19.787356321839084
1764,Allstate Corporation (The),ALL,Insurance—Property & Casualty,Financial Services,54000,-0.01941,-0.15188,29340854272,111.625,-8.68,-12.860023041474655
1765,"Altria Group, Inc.",MO,Tobacco,Consumer Defensive,6300,0.20306998,,78970175488,44.24,3.11,14.225080385852092
1766,Amcor plc,AMCR,Packaging & Containers,Consumer Cyclical,44000,0.05065,0.22195,14492687360,9.78,0.65,15.046153846153844
1767,Ameren Corporation,AEE,Utilities—Regulated Electric,Utilities,9244,0.029140001,0.107609995,21309405184,81.145,4.17,19.459232613908874
1768,"American Airlines Group, Inc.",AAL,Airlines,Industrials,132500,0.04808,,10342786048,15.8301,2.56,6.1836328125
1769,American Express Company,AXP,Credit Services,Financial Services,77300,0.03306,0.29801,121736675328,165.3,9.85,16.781725888324875
1770,"American International Group, I",AIG,Insurance—Diversified,Financial Services,26200,0.00873,0.11231,44188741632,61.055,8,7.631875
1771,American Tower Corporation (REI,AMT,REIT—Specialty,Real Estate,6391,0.03235,0.07738,87849107456,188.5,2.99,63.04347826086956
1772,"American Water Works Company, I",AWK,Utilities—Regulated Water,Utilities,6500,0.03304,0.10353,27478867968,141.175,4.55,31.027472527472533
1773,"Ameriprise Financial, Inc.",AMP,Asset Management,Financial Services,13500,0.01694,0.54508,36580241408,347.46,19.19,18.10630536737884
1774,AmerisourceBergen Corporation,ABC,Medical Distribution,Healthcare,46000,0.027,2.3366401,38036828160,188.06,7.79,24.141206675224648
1775,"AMETEK, Inc.",AME,Specialty Industrial Machinery,Industrials,19600,0.08033,0.16428,36967038976,160.395,5.16,31.084302325581397
1776,Amphenol Corporation,APH,Electronic Components,Technology,91000,0.10704,0.27161,52956602368,88.955,3.09,28.78802588996764
1777,Aon plc,AON,Insurance Brokers,Financial Services,50000,0.06507,5.76421,65068687360,318.58,12.59,25.30420969023034
1778,APA Corporation,APA,Oil & Gas E&P,Energy,2273,0.13518,1.16026,13672478720,44.305,6.37,6.955259026687598
1779,Aptiv PLC,APTV,Auto Parts,Consumer Cyclical,160000,0.0521,0.11031,28330092544,104.73,2.24,46.754464285714285
1780,Arch Capital Group Ltd.,ACGL,Insurance—Diversified,Financial Services,5800,0.03119,0.16745001,28756641792,77.215,5.2,14.849038461538461
1781,"Arista Networks, Inc.",ANET,Computer Hardware,Technology,3612,0.16959,0.34662,55108669440,178.76,4.75,37.63368421052631
1782,Arthur J. Gallagher & Co.,AJG,Insurance Brokers,Financial Services,45641,0.025220001,0.11545,48194637824,224.95,5.38,41.812267657992564
1783,"Assurant, Inc.",AIZ,Insurance—Specialty,Financial Services,13700,0.012150001,0.077199996,7455575040,140.27,4.52,31.03318584070797
1784,AT&T Inc.,T,Telecom Services,Communication Services,160700,0.04132,-0.05967,101980487680,14.265,-1.17,-12.192307692307693
1785,Atmos Energy Corporation,ATO,Utilities—Regulated Gas,Utilities,4791,0.02952,0.08444,16969998336,117.45,5.76,20.390625
1786,"AutoZone, Inc.",AZO,Specialty Retail,Consumer Cyclical,69440,0.13925,,44843503616,2469.9,126.81,19.47717057014431
1787,"AvalonBay Communities, Inc.",AVB,REIT—Residential,Real Estate,2859,0.02688,0.10998,26552395776,186.99,7.31,25.580027359781123
1788,Avery Dennison Corporation,AVY,Packaging & Containers,Consumer Cyclical,2900,0.071279995,0.28643,15025959936,186.13,6.93,26.858585858585858
1789,"Axon Enterprise, Inc.",AXON,Aerospace & Defense,Industrials,2821,0.02562,0.10872,15291670528,206.965,1.89,109.50529100529101
1790,Ball Corporation,BALL,Packaging & Containers,Consumer Cyclical,21000,0.038259998,0.21591999,17707165696,56.294,1.44,39.09305555555555
1791,Bank of America Corporation,BAC,Banks—Diversified,Financial Services,216000,0.00955,0.10782,247713628160,31.145,3.48,8.949712643678161
1792,"Bath & Body Works, Inc.",BBWI,Specialty Retail,Consumer Cyclical,8800,0.15614,,9060337664,39.58,3.11,12.72668810289389
1793,Baxter International Inc.,BAX,Medical Instruments & Supplies,Healthcare,60000,0.03701,-0.38627,21847660544,43.19,-4.93,-8.760649087221095
1794,"Becton, Dickinson and Company",BDX,Medical Instruments & Supplies,Healthcare,77000,0.03049,0.06471,79995666432,281.66,5.44,51.775735294117645
1795,W.R. Berkley Corporation,WRB,Insurance—Property & Casualty,Financial Services,8186,0.03197,0.18801,16349754368,63.49,4.54,13.984581497797357
1796,"Best Buy Co., Inc.",BBY,Specialty Retail,Consumer Cyclical,52200,0.07436,0.47554,17447061504,79.955,5.91,13.528764805414552
1797,"Bio-Rad Laboratories, Inc.",BIO,Medical Devices,Healthcare,8200,0.019960001,-0.04932,11483774976,400.69,-7.02,-57.07834757834758
1798,Bio-Techne Corp,TECH,Biotechnology,Healthcare,3000,0.071100004,0.15090999,13183773696,83.74,1.68,49.845238095238095
1799,"BlackRock, Inc.",BLK,Asset Management,Financial Services,19300,0.03069,0.13453001,104863866880,701.9,34.32,20.4516317016317
1800,The Bank of New York Mellon Cor,BK,Asset Management,Financial Services,53200,0.00674,0.072340004,35757776896,45.915,3.44,13.347383720930232
1801,Boeing Company (The),BA,Aerospace & Defense,Industrials,156000,-0.00385,,144322396160,239.9,-7.09,-33.83638928067701
1802,BorgWarner Inc.,BWA,Auto Parts,Consumer Cyclical,52700,0.0619,0.13684,9812025344,41.865,4.08,10.261029411764707
1803,"Boston Properties, Inc.",BXP,REIT—Office,Real Estate,780,0.026080001,0.0996,10710262784,68.29,4.99,13.685370741482966
1804,Boston Scientific Corporation,BSX,Medical Devices,Healthcare,45000,0.04224,0.05104,73876209664,51.385,0.59,87.09322033898306
1805,Bristol-Myers Squibb Company,BMY,Drug Manufacturers—General,Healthcare,34300,0.0561,0.24662,129128751104,61.465,3.43,17.919825072886297
1806,"Broadridge Financial Solutions,",BR,Information Technology Services,Technology,,,,21437147136,181.7,4.67,38.907922912205564
1807,"Brown & Brown, Inc.",BRO,Insurance Brokers,Financial Services,15201,0.0511,0.15652001,20104685568,70.88,2.58,27.472868217054263
1808,Bunge Limited Bunge Limited,BG,Farm Products,Consumer Defensive,23000,0.06898,0.19567,17086859264,113.445,10.18,11.143909626719056
1809,"C.H. Robinson Worldwide, Inc.",CHRW,Integrated Freight & Logistics,Industrials,16523,0.07773,0.31053,11385405440,97.78,6.31,15.496038034865295
1810,"Caesars Entertainment, Inc.",CZR,Resorts & Casinos,Consumer Cyclical,49000,0.04458,0.16305,12154722304,56.48,-0.91,-62.06593406593406
1811,Camden Property Trust,CPT,REIT—Residential,Real Estate,1650,0.02,0.0424,11609833472,108.745,5.67,19.179012345679013
1812,Campbell Soup Company,CPB,Packaged Foods,Consumer Defensive,14700,0.06668,0.22483,13203984384,44.295,2.62,16.90648854961832
1813,Capital One Financial Corporati,COF,Credit Services,Financial Services,55600,0.01171,0.09849,42850287616,112.35,13.13,8.556740289413556
1814,"Cardinal Health, Inc.",CAH,Medical Distribution,Healthcare,46500,0.02401,,23631972352,92.82,1.7,54.599999999999994
1815,CarMax Inc,KMX,Auto & Truck Dealerships,Consumer Cyclical,30000,0.015420001,0.08211,13327609856,84.24,2.96,28.45945945945946
1816,Carnival Corporation,CCL,Travel Services,Consumer Cyclical,87000,-0.01243,-0.4909,22751739904,17.42,-2.7,-6.451851851851852
1817,Carrier Global Corporation,CARR,Building Products & Equipment,Industrials,52000,0.053179998,0.29188,46993031168,56.29,2.96,19.01689189189189
1818,"Catalent, Inc.",CTLT,Drug Manufacturers—Specialty & Generic,Healthcare,19000,0.02612,0.00471,8326763520,46.19,0.23,200.82608695652172
1819,"Caterpillar, Inc.",CAT,,,,,,146972721152,284.64,,
1820,"Cboe Global Markets, Inc.",CBOE,Financial Data & Stock Exchanges,Financial Services,1543,0.08403,0.18801,15664014336,148.37,2.8,52.98928571428572
1821,CBRE Group Inc,CBRE,Real Estate Services,Real Estate,115000,0.03197,0.09770001,26551269376,85.42,3.53,24.19830028328612
1822,CDW Corporation,CDW,Information Technology Services,Technology,11100,0.080699995,0.79260004,27520811008,204.18,7.98,25.586466165413533
1823,Celanese Corporation Celanese C,CE,Chemicals,Basic Materials,13263,,,13819883520,127.035,13.66,9.299780380673498
1824,Centene Corporation,CNC,Healthcare Plans,Healthcare,74300,0.03683,0.10338,36553506816,66.61,2.65,25.135849056603774
1825,"CenterPoint Energy, Inc (Holdin",CNP,Utilities—Regulated Electric,Utilities,8986,0.027420001,0.076409996,18321926144,29.035,1.26,23.043650793650794
1826,Ceridian HCM Holding Inc.,CDAY,Software—Application,Technology,8526,0.00806,-0.0060900003,11471519744,73.995,-0.24,-308.31250000000006
1827,"CF Industries Holdings, Inc.",CF,Agricultural Inputs,Basic Materials,2700,0.16543,0.34963,15907124224,81.575,15.02,5.431091877496671
1828,Charles River Laboratories Inte,CRL,Diagnostics & Research,Healthcare,20000,0.05682,0.17206,11003299840,214.98,9.72,22.11728395061728
1829,Charles Schwab Corporation (The,SCHW,Capital Markets,Financial Services,36600,,,118593806336,65.16,3.44,18.941860465116278
1830,Chevron Corporation,CVX,Oil & Gas Integrated,Energy,43846,0.08943,0.19263001,301635764224,161.35,18.52,8.7122030237581
1831,"Chipotle Mexican Grill, Inc.",CMG,Restaurants,Consumer Cyclical,104958,0.13023,0.45286998,51134935040,1853.4,37.03,50.05130974885228
1832,Chubb Limited,CB,Insurance—Property & Casualty,Financial Services,34000,0.024230001,0.11201,84441800704,203.88,13.92,14.64655172413793
1833,"Church & Dwight Company, Inc.",CHD,Household & Personal Products,Consumer Defensive,5250,0.07755,0.1197,23696472064,96.9625,1.67,58.061377245508986
1834,The Cigna Group,CI,Healthcare Plans,Healthcare,71300,0.03293,0.14821,85928624128,290.425,21.81,13.316139385602936
1835,Cincinnati Financial Corporatio,CINF,Insurance—Property & Casualty,Financial Services,5148,0.03508,0.12575,17082764288,108.66,0.02,5433
1836,"Citigroup, Inc.",C,Banks—Diversified,Financial Services,240000,0.0056800004,0.06676,86136561664,44.73,6.31,7.088748019017433
1837,"Citizens Financial Group, Inc.",CFG,Banks—Regional,Financial Services,18468,0.01013,0.09509,14617863168,30.795,4.44,6.9358108108108105
1838,Clorox Company (The),CLX,Household & Personal Products,Consumer Defensive,,,0.35738,20257028096,163.86,0.61,268.62295081967216
1839,CME Group Inc.,CME,Financial Data & Stock Exchanges,Financial Services,3460,0.01199,0.10673001,74258391040,206.435,7.87,26.230622617534944
1840,CMS Energy Corporation,CMS,Utilities—Regulated Electric,Utilities,8560,0.02614,0.093430005,16813968384,57.65,2.33,24.742489270386265
1841,Coca-Cola Company (The),KO,Beverages—Non-Alcoholic,Consumer Defensive,82500,0.08234,0.40157002,265767059456,61.455,2.27,27.072687224669604
1842,Colgate-Palmolive Company,CL,Household & Personal Products,Consumer Defensive,33800,0.13334,3.83276,63892996096,77.0196,1.91,40.32439790575916
1843,Comerica Incorporated,CMA,Banks—Regional,Financial Services,7280,0.01461,0.21579,6883707392,52.28,9.58,5.457202505219207
1844,"ConAgra Brands, Inc.",CAG,Packaged Foods,Consumer Defensive,18600,0.05296,0.07733,14967757824,31.375,1.42,22.095070422535212
1845,ConocoPhillips,COP,Oil & Gas E&P,Energy,9700,0.14109999,0.26455998,141383417856,116.84,12.56,9.302547770700636
1846,"Consolidated Edison, Inc.",ED,Utilities—Regulated Electric,Utilities,14319,0.0286,0.118140005,31597516800,91.18,7.01,13.007132667617691
1847,"Constellation Brands, Inc.",STZ,Beverages—Wineries & Distilleries,Consumer Defensive,10700,0.07091,-0.02918,49657888768,270.875,-1.47,-184.2687074829932
1848,"The Cooper Companies, Inc.",COO,Medical Instruments & Supplies,Healthcare,14000,0.02622,0.04008,19160053760,387.01,5.79,66.84110535405873
1849,Corning Incorporated,GLW,Electronic Components,Technology,57500,0.029860001,0.0585,26912399360,32.82,0.74,44.351351351351354
1850,"Corteva, Inc.",CTVA,Agricultural Inputs,Basic Materials,21000,0.030569999,0.04279,37285289984,52.45,1.7,30.85294117647059
1851,Coterra Energy Inc.,CTRA,Oil & Gas E&P,Energy,981,,,21254129664,28.06,5.22,5.375478927203065
1852,Crown Castle Inc.,CCI,REIT—Specialty,Real Estate,5000,0.04074,0.22902,45541961728,105.015,3.93,26.721374045801525
1853,Cummins Inc.,CMI,Specialty Industrial Machinery,Industrials,73600,0.07432,0.24711001,33754044416,238.44,17.74,13.440811724915447
1854,CVS Health Corporation,CVS,Healthcare Plans,Healthcare,219000,0.03671,0.03807,95959941120,74.85,3.01,24.867109634551493
1855,"D.R. Horton, Inc.",DHI,Residential Construction,Consumer Cyclical,13237,0.13032,0.24274999,42981380096,127.08,14.05,9.044839857651246
1856,Danaher Corporation,DHR,Diagnostics & Research,Healthcare,79000,0.057010002,0.12937,193018134528,261.4175,8.53,30.646834701055106
1857,"Darden Restaurants, Inc.",DRI,Restaurants,Consumer Cyclical,187384,0.073070005,0.44708002,20039065600,165.515,7.99,20.715269086357946
1858,DaVita Inc.,DVA,Medical Care Facilities,Healthcare,70000,0.04622,0.29011,9930233856,108.76,5.32,20.44360902255639
1859,Deere & Company,DE,Farm & Heavy Construction Machinery,Industrials,82200,0.08559,0.43096,128852025344,439.48,29.74,14.777404169468731
1860,"Delta Air Lines, Inc.",DAL,Airlines,Industrials,95000,0.04306,0.50154996,29146191872,45.299,4.66,9.720815450643777
1861,DENTSPLY SIRONA Inc.,XRAY,Medical Instruments & Supplies,Healthcare,15000,0.02063,-0.24122,8252645376,38.84,-4.81,-8.074844074844076
1862,Devon Energy Corporation,DVN,Oil & Gas E&P,Energy,1800,0.17021999,0.44957,32874289152,51.23,9.17,5.58669574700109
1863,"Digital Realty Trust, Inc.",DLR,REIT—Specialty,Real Estate,3412,0.010629999,0.02283,35254444032,121.005,1.1,110.00454545454544
1864,Discover Financial Services,DFS,Credit Services,Financial Services,20200,0.031070001,0.28421,26240000000,104.96,14.41,7.28383067314365
1865,Walt Disney Company (The),DIS,Entertainment,Communication Services,171600,0.022839999,0.04296,166001065984,90.845,2.23,40.737668161434975
1866,Dollar General Corporation,DG,Discount Stores,Consumer Defensive,170000,0.07323,0.39972,36822966272,167.88,10.6,15.837735849056603
1867,"Dominion Energy, Inc.",D,Utilities—Regulated Electric,Utilities,17200,0.03151,0.08226,41596424192,49.76,1.44,34.55555555555556
1868,Domino's Pizza Inc,DPZ,Restaurants,Consumer Cyclical,6500,0.30705,,13998414848,398.88,13.24,30.12688821752266
1869,Dover Corporation,DOV,Specialty Industrial Machinery,Industrials,25000,0.081549995,0.22549,20110405632,143.77,7.48,19.22058823529412
1870,Dow Inc.,DOW,Chemicals,Basic Materials,37800,0.03649,0.091709994,39641468928,56.045,4,14.01125
1871,DTE Energy Company,DTE,Utilities—Regulated Electric,Utilities,10102,0.030299999,0.13617,22327787520,108.33,5.65,19.173451327433625
1872,Duke Energy Corporation (Holdin,DUK,Utilities—Regulated Electric,Utilities,27859,,,71940366336,93.35,4.88,19.129098360655735
1873,"DuPont de Nemours, Inc.",DD,Specialty Chemicals,Basic Materials,23000,0.02802,0.03819,35289223168,76.88,2.18,35.26605504587155
1874,DXC Technology Company,DXC,Information Technology Services,Technology,130000,-0.02957,-0.14494,4271274496,20.27,-2.46,-8.239837398373984
1875,Eastman Chemical Company,EMN,Specialty Chemicals,Basic Materials,14500,0.04676,0.1318,10141622272,85.115,5.67,15.011463844797177
1876,"Eaton Corporation, PLC",ETN,Specialty Industrial Machinery,Industrials,92000,0.05984,0.15794,87098081280,218.51,6.39,34.195618153364634
1877,Ecolab Inc.,ECL,Specialty Chemicals,Basic Materials,47000,0.057729997,0.1625,52616441856,184.8,4.02,45.97014925373135
1878,Edison International,EIX,Utilities—Regulated Electric,Utilities,13388,0.02723,0.053779997,27036686336,70.595,2.19,32.2351598173516
1879,Edwards Lifesciences Corporatio,EW,Medical Devices,Healthcare,17300,0.1154,0.22403,48261742592,78.605,2.38,33.02731092436975
1880,"Elevance Health, Inc.",ELV,Healthcare Plans,Healthcare,102300,0.05593,0.17433001,110710964224,469.815,26.84,17.50428464977645
1881,Eli Lilly and Company,LLY,Drug Manufacturers—General,Healthcare,39000,,,499215007744,525.8919,6.3,83.47490476190475
1882,Emerson Electric Company,EMR,Specialty Industrial Machinery,Industrials,85500,0.06201,0.15138,54915436544,96.09,4.93,19.49087221095335
1883,Entergy Corporation,ETR,Utilities—Regulated Electric,Utilities,12000,0.028180001,0.10687,20366575616,96.32,5.48,17.576642335766422
1884,"EOG Resources, Inc.",EOG,Oil & Gas E&P,Energy,2850,0.17355,0.35854,77084418048,131.8,16,8.2375
1885,"EPAM Systems, Inc.",EPAM,Information Technology Services,Technology,59300,0.10697,0.18121,14212326400,245.44,7.17,34.231520223152025
1886,EQT Corporation,EQT,Oil & Gas E&P,Energy,744,0.14247,0.33628,15601278976,43.14,9,4.793333333333333
1887,"Equifax, Inc.",EFX,Consulting Services,Industrials,14000,0.04912,0.13174,25275672576,200.37,4.25,47.14588235294118
1888,"Equinix, Inc.",EQIX,REIT—Specialty,Real Estate,12621,0.017,0.07111,73347514368,784.27,8.78,89.3246013667426
1889,Equity Residential,EQR,REIT—Residential,Real Estate,2400,0.02688,0.07498,25102454784,66.25,2.36,28.072033898305087
1890,"Essex Property Trust, Inc.",ESS,REIT—Residential,Real Estate,1770,0.02833,0.094689995,16218614784,244.1,7.52,32.46010638297872
1891,"Estee Lauder Companies, Inc. (T",EL,Household & Personal Products,Consumer Defensive,44730,0.05528,0.15887,61653741568,172.5,3.05,56.55737704918033
1892,"Etsy, Inc.",ETSY,Internet Retail,Consumer Cyclical,2790,0.07617,-12.245009,9857058816,79.91,-5.55,-14.398198198198198
1893,"Everest Group, Ltd.",EG,Insurance—Reinsurance,Financial Services,2428,0.02317,0.122700006,15654870016,360.585,16.91,21.323772915434652
1894,"Evergy, Inc.",EVRG,Utilities—Regulated Electric,Utilities,4512,0.02683,0.08162,13362840576,58.18,3.39,17.162241887905605
1895,Brown Forman Inc,BF-B,Beverages—Wineries & Distilleries,Consumer Defensive,5600,0.10892,0.26077998,34279784448,71.04,1.63,43.582822085889575
1896,Eversource Energy (D/B/A),ES,Utilities—Regulated Electric,Utilities,10000,0.030739998,0.07656,23471835136,67.285,4.17,16.135491606714627
1897,"Expedia Group, Inc.",EXPE,Travel Services,Consumer Cyclical,16500,0.03111,0.27224,16470018048,111.19,1.96,56.72959183673469
1898,Expeditors International of Was,EXPD,Integrated Freight & Logistics,Industrials,19900,,,18234961920,119.345,7.66,15.580287206266318
1899,Extra Space Storage Inc,EXR,REIT—Industrial,Real Estate,4781,0.05992,0.22193001,28361136128,129.845,6.35,20.448031496062992
1900,Exxon Mobil Corporation,XOM,Oil & Gas Integrated,Energy,62000,0.11298,0.27201998,448351928320,110.8964,14.77,7.508219363574814
1901,"F5, Inc.",FFIV,Software—Infrastructure,Technology,4097,0.0584,0.13338,9688182784,160.22,5.34,30.00374531835206
1902,FactSet Research Systems Inc.,FDS,Financial Data & Stock Exchanges,Financial Services,12072,0.10038,0.34563,16300156928,425.375,13.04,32.620782208588956
1903,Fair Isaac Corproation,FICO,Software—Application,Technology,3437,0.25044,,21579542528,863.42,14.69,58.77603812117086
1904,Federal Realty Investment Trust,FRT,REIT—Retail,Real Estate,314,0.02977,0.12722,8584925696,104.5,4.73,22.09302325581395
1905,FedEx Corporation,FDX,Integrated Freight & Logistics,Industrials,328000,0.0464,0.15568,67156107264,267.355,15.47,17.282159017453136
1906,Fifth Third Bancorp,FITB,Banks—Regional,Financial Services,19225,0.012309999,0.13861,18757416960,27.55,3.5,7.871428571428572
1907,"First Solar, Inc.",FSLR,Solar,Technology,5500,0.00773,0.02621,22312747008,208.87,0.39,535.5641025641025
1908,FirstEnergy Corp.,FE,Utilities—Regulated Electric,Utilities,12335,0.026010001,0.04694,20928600064,36.535,0.71,51.45774647887324
1909,Fidelity National Information S,FIS,Information Technology Services,Technology,69000,0.01814,-0.70373,34592395264,58.39,-27.64,-2.112518089725036
1910,"Fiserv, Inc.",FI,Information Technology Services,Technology,41000,0.03399,0.08153,78299602944,126.84,3.7,34.28108108108108
1911,"FleetCor Technologies, Inc.",FLT,Software—Infrastructure,Technology,9900,,,19988393984,270.72,12.23,22.135731807031892
1912,FMC Corporation,FMC,Agricultural Inputs,Basic Materials,6600,0.05788,0.22482,10902996992,87.125,6.46,13.486842105263158
1913,Ford Motor Company,F,Auto Manufacturers,Consumer Cyclical,173000,0.01788,0.09125,50000822272,12.4978,0.73,17.12027397260274
1914,Fortive Corporation,FTV,Scientific & Technical Instruments,Technology,18000,0.043130003,0.08234999,28049272832,79.68,2.24,35.57142857142857
1915,Fox Corporation,FOXA,Entertainment,Communication Services,,,,16900033536,34.45,2.15,16.02325581395349
1916,Fox Corporation,FOX,Entertainment,Communication Services,,,,16877932544,32.35,2.14,15.116822429906541
1917,"Franklin Resources, Inc.",BEN,Asset Management,Financial Services,9300,0.03443,0.070199996,14126840832,28.205,1.66,16.990963855421686
1918,"Freeport-McMoRan, Inc.",FCX,Copper,Basic Materials,25600,0.06834,0.13248,61079654400,42.615,1.47,28.98979591836735
1919,Garmin Ltd.,GRMN,Scientific & Technical Instruments,Technology,19700,0.07873,0.16587,19991717888,104.51,5,20.902
1920,"Gartner, Inc.",IT,Information Technology Services,Technology,20104,0.10625,4.16638,26872301568,339.895,11.57,29.37726879861711
1921,Gen Digital Inc.,GEN,Software—Infrastructure,Technology,3700,0.08447,1.3130499,13376095232,20.875,2.16,9.664351851851851
1922,Generac Holdlings Inc.,GNRC,Specialty Industrial Machinery,Industrials,9160,0.03785,0.07871,6734290432,108.28,4.04,26.801980198019802
1923,General Dynamics Corporation,GD,Aerospace & Defense,Industrials,106500,0.050819997,0.18275,62006702080,227.095,12.19,18.62961443806399
1924,General Electric Company,GE,Specialty Industrial Machinery,Industrials,172000,0.023440002,0.30892,124129746944,114.05,9.23,12.356446370530877
1925,"General Mills, Inc.",GIS,Packaged Foods,Consumer Defensive,34000,0.0629,0.24289,42601320448,72.8,4.31,16.89095127610209
1926,General Motors Company,GM,Auto Manufacturers,Consumer Cyclical,167000,0.026619999,0.14009,49217196032,35.405,6.47,5.4721792890262755
1927,Genuine Parts Company,GPC,Specialty Retail,Consumer Cyclical,58000,0.06449,0.31340998,22095110144,157.33,8.55,18.401169590643274
1928,Globe Life Inc.,GL,Insurance—Life,Financial Services,3543,,,10865536000,113.71,7.38,15.407859078590786
1929,Global Payments Inc.,GPN,Specialty Business Services,Industrials,25000,0.027090002,0.03576,33781458944,128.96,-0.51,-252.86274509803923
1930,"Goldman Sachs Group, Inc. (The)",GS,Capital Markets,Financial Services,44600,0.00557,0.075040005,114621423616,344.78,23.51,14.665248830284982
1931,Halliburton Company,HAL,Oil & Gas Equipment & Services,Energy,47000,0.11033,0.31307,36665294848,40.6401,2.71,14.996346863468634
1932,Hartford Financial Services Gro,HIG,Insurance—Diversified,Financial Services,18800,0.02313,0.14166,22806927360,73.515,5.8,12.675
1933,"Hasbro, Inc.",HAS,Leisure,Consumer Cyclical,6490,0.03934,-0.09335,9062255616,65.38,0.86,76.02325581395348
1934,"HCA Healthcare, Inc.",HCA,Medical Care Facilities,Healthcare,207000,0.110410005,,73884778496,268.585,19.85,13.530730478589419
1935,"Healthpeak Properties, Inc.",PEAK,REIT—Healthcare Facilities,Real Estate,199,0.01434,0.07952,11629134848,21.26,1.01,21.049504950495052
1936,"Henry Schein, Inc.",HSIC,Medical Distribution,Healthcare,22000,,,10154042368,77.51,3.5,22.145714285714288
1937,The Hershey Company,HSY,Confectioners,Consumer Defensive,18075,0.13655,0.54352003,46057230336,225.33,8.25,27.312727272727273
1938,Hess Corporation,HES,Oil & Gas E&P,Energy,1623,0.088690005,0.21861,48360689664,157.5,6.56,24.009146341463417
1939,Hewlett Packard Enterprise Comp,HPE,Communication Equipment,Technology,60200,0.02854,0.04995,23027802112,17.83,0.79,22.569620253164555
1940,Hilton Worldwide Holdings Inc.,HLT,Lodging,Consumer Cyclical,159000,0.09432,,41272549376,155.965,4.76,32.76575630252101
1941,"Hologic, Inc.",HOLX,Medical Instruments & Supplies,Healthcare,6944,0.06222,0.09511,18955687936,76.8825,3.02,25.45778145695364
1942,"Home Depot, Inc. (The)",HD,Home Improvement Retail,Consumer Cyclical,475000,0.19337,,333700694016,331.915,16.43,20.201765063907487
1943,Hormel Foods Corporation,HRL,Packaged Foods,Consumer Defensive,20000,0.05658,0.124189995,22380601344,40.97,1.7,24.1
1944,Host Hotels,HST,REIT—Hotel & Motel,Real Estate,165,0.041890003,0.1093,11991524352,16.86,1.12,15.053571428571427
1945,Howmet Aerospace Inc.,HWM,Aerospace & Defense,Industrials,21400,0.06624,0.14786,20685213696,50.05,1.16,43.14655172413793
1946,HP Inc.,HPQ,Computer Hardware,Technology,58000,0.07193,,32664721408,33.13,2.67,12.408239700374533
1947,Humana Inc.,HUM,Healthcare Plans,Healthcare,67100,0.058229998,0.20796,62156390400,497.47,24.65,20.18133874239351
1948,Huntington Bancshares Incorpora,HBAN,Banks—Regional,Financial Services,20198,0.01316,0.1313,17297678336,11.9469,1.55,7.707677419354838
1949,"Huntington Ingalls Industries, ",HII,Aerospace & Defense,Industrials,43000,0.04168,0.15762,8998145024,225.57,14.16,15.930084745762711
1950,International Business Machines,IBM,Information Technology Services,Technology,288300,0.04107,0.10396,131203088384,144.02,2.36,61.025423728813564
1951,IDEX Corporation,IEX,Specialty Industrial Machinery,Industrials,8868,0.09493,0.19351,16920800256,223.89,7.72,29.001295336787564
1952,Illinois Tool Works Inc.,ITW,Specialty Industrial Machinery,Industrials,46000,0.15913,0.95844,75188641792,247.41,9.99,24.765765765765764
1953,Incyte Corporation,INCY,Biotechnology,Healthcare,2324,0.04843,0.083050005,14752808960,66.13,1.43,46.24475524475525
1954,Ingersoll Rand Inc.,IR,Specialty Industrial Machinery,Industrials,17000,0.04447,0.0757,27535607808,68.07,1.58,43.08227848101265
1955,Insulet Corporation,PODD,Medical Devices,Healthcare,2600,,,16582373376,237.925,0,
1956,Intercontinental Exchange Inc.,ICE,Financial Data & Stock Exchanges,Financial Services,9116,0.01343,0.075040005,64622649344,115.425,2.59,44.56563706563707
1957,International Flavors & Fragran,IFF,Specialty Chemicals,Basic Materials,24600,,,16320722944,63.98,-8.32,-7.689903846153846
1958,International Paper Company,IP,Packaging & Containers,Consumer Cyclical,39000,0.040159997,0.16645001,12348288000,35.58,4.53,7.854304635761588
1959,"Interpublic Group of Companies,",IPG,Advertising Agencies,Communication Services,57800,0.050229996,0.26454002,12910873600,33.445,2.4,13.935416666666667
1960,Invesco Ltd,IVZ,Asset Management,Financial Services,8621,0.021710001,0.047870003,7644761600,16.415,1.36,12.06985294117647
1961,Invitation Homes Inc.,INVH,REIT—Residential,Real Estate,1511,0.02268,0.04271,21487562752,34.97,0.68,51.42647058823529
1962,"IQVIA Holdings, Inc.",IQV,Diagnostics & Research,Healthcare,87000,0.04789,0.19748,41525866496,223.8,5.59,40.03577817531306
1963,Iron Mountain Incorporated (Del,IRM,REIT—Specialty,Real Estate,26000,0.04156,0.60855997,17891801088,61.3525,1.98,30.98611111111111
1964,"J.B. Hunt Transport Services, I",JBHT,Integrated Freight & Logistics,Industrials,37151,0.09616,0.23712,21166088192,204.81,8.19,25.00732600732601
1965,"Jack Henry & Associates, Inc.",JKHY,Information Technology Services,Technology,6847,0.1179,0.24367,12596495360,172.85,4.78,36.16108786610879
1966,Jacobs Solutions Inc.,J,Engineering & Construction,Industrials,56700,,,17297266688,136.36,6.05,22.538842975206613
1967,Johnson & Johnson,JNJ,Drug Manufacturers—General,Healthcare,152700,0.0915,0.1709,453400428544,174.47,4.93,35.3894523326572
1968,Johnson Controls International ,JCI,Building Products & Equipment,Industrials,100000,0.04086,0.13067001,41275715584,60.16,1.99,30.231155778894472
1969,JP Morgan Chase & Co.,JPM,Banks—Diversified,Financial Services,300066,0.012410001,0.15982,449370259456,154.63,15.56,9.937660668380461
1970,"Juniper Networks, Inc.",JNPR,Communication Equipment,Technology,10901,0.04363,0.095699996,9097837568,28.29,1.52,18.611842105263158
1971,Kellogg Company,K,Packaged Foods,Consumer Defensive,30000,0.050830003,0.19957,21933086720,63.99,2.42,26.44214876033058
1972,KeyCorp,KEY,Banks—Regional,Financial Services,17987,0.00801,0.10831001,10681392128,11.415,1.49,7.6610738255033555
1973,Keysight Technologies Inc.,KEYS,Scientific & Technical Instruments,Technology,15000,0.10935,0.27817,28349810688,158.94,6.58,24.15501519756839
1974,Kimberly-Clark Corporation,KMB,Household & Personal Products,Consumer Defensive,44000,0.10223,2.36324,43548082176,128.77,4.85,26.55051546391753
1975,Kimco Realty Corporation (HC),KIM,REIT—Retail,Real Estate,639,0.01995,0.04158,12769774592,20.6,0.25,82.4
1976,"Kinder Morgan, Inc.",KMI,Oil & Gas Midstream,Energy,10525,0.03823,0.081879996,38981836800,17.495,1.11,15.76126126126126
1977,Kroger Company (The),KR,Grocery Stores,Consumer Defensive,500000,0.0579,0.25107,35591589888,49.588,3.48,14.249425287356322
1978,"L3Harris Technologies, Inc.",LHX,Aerospace & Defense,Industrials,46000,0.031489998,0.042729996,35452338176,187.13,4.23,44.23877068557919
1979,Laboratory Corporation of Ameri,LH,Diagnostics & Research,Healthcare,60000,0.0551,0.09936,19154878464,216.195,11.13,19.42452830188679
1980,"Lamb Weston Holdings, Inc.",LW,Packaged Foods,Consumer Defensive,10200,0.101739995,1.1388401,14477149184,99.36,6.95,14.296402877697842
1981,Las Vegas Sands Corp.,LVS,Resorts & Casinos,Consumer Cyclical,35500,0.01672,-0.032479998,44169744384,57.78,0.07,825.4285714285713
1982,"Leidos Holdings, Inc.",LDOS,Information Technology Services,Technology,45000,0.05658,0.16487,13362597888,97.4,4.88,19.959016393442624
1983,Lennar Corporation,LEN,Residential Construction,Consumer Cyclical,12012,0.10184,0.18290001,35918147584,126.37,14.63,8.63773069036227
1984,Lincoln National Corporation,LNC,Insurance—Life,Financial Services,11316,-0.01102,-0.65729,4556898304,26.875,-26.87,-1.0001860811313732
1985,Linde plc,LIN,Specialty Chemicals,Basic Materials,66270,0.06019,0.14158,188314664960,384.632,8.99,42.784427141268075
1986,"Live Nation Entertainment, Inc.",LYV,Entertainment,Communication Services,12800,0.03205,0.70181,20620972032,86.63,0.78,111.06410256410255
1987,LKQ Corporation,LKQ,Auto Parts,Consumer Cyclical,45000,0.06933,0.17331,14382875648,53.81,4.18,12.873205741626796
1988,Lockheed Martin Corporation,LMT,Aerospace & Defense,Industrials,116000,0.105340004,0.68305,113883021312,452.22,27.26,16.58914159941306
1989,Loews Corporation,L,Insurance—Property & Casualty,Financial Services,12050,0.0162,0.08558,14482917376,63.55,4.48,14.185267857142856
1990,"Lowe's Companies, Inc.",LOW,Home Improvement Retail,Consumer Cyclical,300000,0.15953,,130215231488,222.2175,10.44,21.285201149425287
1991,LyondellBasell Industries NV,LYB,Specialty Chemicals,Basic Materials,19300,0.0571,0.16625,32946905088,100.23,9.27,10.812297734627833
1992,M&T Bank Corporation,MTB,Banks—Regional,Financial Services,22210,0.014479999,0.11554,22491078656,135.575,17.13,7.914477524810274
1993,Marathon Oil Corporation,MRO,Oil & Gas E&P,Energy,1570,0.082609996,0.17965999,16276952064,26.355,4.14,6.365942028985508
1994,Marathon Petroleum Corporation,MPC,Oil & Gas Refining & Marketing,Energy,17800,0.1169,0.43036,62857396224,146.18,32.58,4.486801718845919
1995,"MarketAxess Holdings, Inc.",MKTX,Capital Markets,Financial Services,744,0.1275,0.23271999,9030861824,239.74,6.72,35.67559523809524
1996,"Marsh & McLennan Companies, Inc",MMC,Insurance Brokers,Financial Services,85000,0.07818,0.28816998,95263965184,192.86,6.59,29.265553869499243
1997,"Martin Marietta Materials, Inc.",MLM,Building Materials,Basic Materials,9400,0.05661,0.13542,28124540928,453.85,15.22,29.819316688567675
1998,Masco Corporation,MAS,Building Products & Equipment,Industrials,19000,0.15093,,13379289088,59.44,3.56,16.696629213483146
1999,Mastercard Incorporated,MA,Credit Services,Financial Services,29900,0.22395,1.72789,379392720896,400.36,10.02,39.9560878243513
2000,"Match Group, Inc.",MTCH,Internet Content & Information,Communication Services,2700,0.07752,,12672758784,45.51,1.03,44.18446601941747
2001,"McCormick & Company, Incorporat",MKC,Packaged Foods,Consumer Defensive,14200,0.04776,0.14622,23344760832,87.16,2.59,33.65250965250965
2002,McDonald's Corporation,MCD,Restaurants,Consumer Cyclical,100000,0.13922,,211099402240,289.14,9.31,31.05692803437164
2003,McKesson Corporation,MCK,Medical Distribution,Healthcare,45000,0.044910002,,59009134592,435.45,25.03,17.39712345185777
2004,Medtronic plc.,MDT,Medical Devices,Healthcare,95000,0.03902,0.0725,111208964096,83.59,2.82,29.641843971631207
2005,"Merck & Company, Inc.",MRK,Drug Manufacturers—General,Healthcare,67000,,,270516486144,106.61,5.12,20.822265625
2006,"MetLife, Inc.",MET,Insurance—Life,Financial Services,45000,0.00149,0.01465,48246722560,63,1.04,60.57692307692307
2007,"Mettler-Toledo International, I",MTD,Diagnostics & Research,Healthcare,16400,0.22045,,27582722048,1252.61,40.05,31.276154806491885
2008,MGM Resorts International,MGM,Resorts & Casinos,Consumer Cyclical,57000,-0.017239999,-0.107939996,16914834432,46.495,4.79,9.706680584551147
2009,Mid-America Apartment Communiti,MAA,REIT—Residential,Real Estate,2387,0.03785,0.098079994,17522608128,146.235,5.12,28.561523437500004
2010,"Mohawk Industries, Inc.",MHK,"Furnishings, Fixtures & Appliances",Consumer Cyclical,40900,0.03155,-0.037890002,6671393280,104.765,-2.18,-48.05733944954128
2011,Molina Healthcare Inc,MOH,Healthcare Plans,Healthcare,15000,0.07395,0.28399,18619271168,319.37,15.28,20.901178010471206
2012,Molson Coors Beverage Company,TAP,Beverages—Brewers,Consumer Defensive,16600,0.029460002,0.00354,13962256384,64.6,-1.2,-53.83333333333333
2013,"Monolithic Power Systems, Inc.",MPWR,Semiconductors,Technology,3247,0.17025,0.27756,24970579968,526.55,9.65,54.56476683937823
2014,Moody's Corporation,MCO,Financial Data & Stock Exchanges,Financial Services,14635,0.08352,0.49283,62551941120,340.8825,7.49,45.51168224299065
2015,Morgan Stanley,MS,Capital Markets,Financial Services,82000,0.00871,0.09981,146721964032,88.44,5.69,15.54305799648506
2016,Mosaic Company (The),MOS,Agricultural Inputs,Basic Materials,13570,0.07303,0.18172,14026622976,42.235,8.15,5.182208588957055
2017,"Motorola Solutions, Inc.",MSI,Communication Equipment,Technology,20000,0.12242,,47455526912,282.95,8.01,35.324594257178525
2018,MSCI Inc.,MSCI,Financial Data & Stock Exchanges,Financial Services,4980,0.16657,,43972419584,549.22,10.91,50.34097158570119
2019,"Nasdaq, Inc.",NDAQ,Financial Data & Stock Exchanges,Financial Services,6565,0.044710003,0.18201,25129621504,51.205,2.23,22.96188340807175
2020,"NetApp, Inc.",NTAP,Computer Hardware,Technology,12000,0.07301,1.27591,16374182912,77.08,5.79,13.312607944732296
2021,Newell Brands Inc.,NWL,Household & Personal Products,Consumer Defensive,28000,0.02021,-0.08648,4408094720,10.645,-0.32,-33.265625
2022,Newmont Corporation,NEM,Gold,Basic Materials,14600,0.01836,-0.03609,31769411584,39.975,-0.7,-57.10714285714286
2023,News Corporation,NWSA,Entertainment,Communication Services,25500,0.02507,0.037609998,11760369664,20.475,0.46,44.51086956521739
2024,News Corporation,NWS,Entertainment,Communication Services,25500,0.02507,0.037609998,11835180032,20.895,0.46,45.42391304347826
2025,"NextEra Energy, Inc.",NEE,Utilities—Regulated Electric,Utilities,15300,0.036199998,0.14497,139365482496,68.8762,4.05,17.00646913580247
2026,"Nike, Inc.",NKE,Footwear & Accessories,Consumer Cyclical,83700,0.094969995,0.34625,170821058560,111.14,3.23,34.408668730650156
2027,NiSource Inc,NI,Utilities—Regulated Gas,Utilities,7117,0.02947,0.09116,11140308992,26.97,1.47,18.346938775510203
2028,Nordson Corporation,NDSN,Specialty Industrial Machinery,Industrials,7200,0.10098,0.21968001,13975926784,245.23,8.89,27.58492688413948
2029,Norfolk Southern Corporation,NSC,Railroads,Industrials,19300,0.07416,0.19927,49814462464,218.83,12.98,16.859013867488443
2030,Northern Trust Corporation,NTRS,Asset Management,Financial Services,23600,0.00774,0.10719,16600685568,80.195,5.58,14.371863799283153
2031,Northrop Grumman Corporation,NOC,Aerospace & Defense,Industrials,95000,0.08445,0.31911,65755709440,433.005,30.86,14.031270252754375
2032,Norwegian Cruise Line Holdings ,NCLH,Travel Services,Consumer Cyclical,38900,-0.00607,-1.85615,7622202368,17.9699,-3.46,-5.193612716763005
2033,"NRG Energy, Inc.",NRG,Utilities—Independent Power Producers,Utilities,6603,,,8573839872,37.24,-7.82,-4.762148337595908
2034,Nucor Corporation,NUE,Steel,Basic Materials,31400,0.14589,0.30644,42057244672,167.41,21.75,7.697011494252873
2035,"NVR, Inc.",NVR,Residential Construction,Consumer Cyclical,6550,0.22127001,0.45194,20406929408,6258.7573,485.35,12.895348305346657
2036,Occidental Petroleum Corporatio,OXY,Oil & Gas E&P,Energy,11973,0.07831,0.23743999,57178783744,64.1201,8.75,7.328011428571428
2037,Omnicom Group Inc.,OMC,Advertising Agencies,Communication Services,74200,0.0541,0.37826002,15902489600,80.49,6.77,11.889217134416544
2038,"ONEOK, Inc.",OKE,Oil & Gas Midstream,Energy,2966,,,29246541824,65.33,5.31,12.303201506591337
2039,Oracle Corporation,ORCL,Software—Infrastructure,Technology,164000,0.07012,,309269561344,113.9425,3.07,37.11482084690554
2040,Organon & Co.,OGN,Drug Manufacturers—General,Healthcare,10000,0.09194,,6062823936,23.77,2.95,8.057627118644067
2041,Otis Worldwide Corporation,OTIS,Specialty Industrial Machinery,Industrials,69000,0.13256,,36598984704,88.555,3.02,29.322847682119207
2042,Packaging Corporation of Americ,PKG,Packaging & Containers,Consumer Cyclical,15100,0.09616,0.22191,13735794688,152.735,9.47,16.12829989440338
2043,Paramount Global,PARA,Entertainment,Communication Services,24500,,,10199526400,15.5,-1.36,-11.397058823529411
2044,Parker-Hannifin Corporation,PH,Specialty Industrial Machinery,Industrials,,0.07651,0.21706,53679046656,418.4,11.58,36.13126079447323
2045,"Paycom Software, Inc.",PAYC,Software—Application,Technology,6349,0.06047,0.26317,16737478656,289.21,5.38,53.75650557620818
2046,Pentair plc.,PNR,Specialty Industrial Machinery,Industrials,11250,0.08644,0.17984,11757635584,71.28,2.99,23.839464882943144
2047,"Pfizer, Inc.",PFE,Drug Manufacturers—General,Healthcare,83000,,,203005345792,35.96,5.07,7.092702169625246
2048,Pacific Gas & Electric Co.,PCG,Utilities—Regulated Electric,Utilities,26010,0.01566,0.08446,41133252608,17.535,0.89,19.702247191011235
2049,Philip Morris International Inc,PM,Tobacco,Consumer Defensive,79800,0.14936,,152037982208,97.95,5.17,18.945841392649903
2050,Phillips 66,PSX,Oil & Gas Refining & Marketing,Energy,13000,0.08828,0.4085,52980207616,115.46,26.18,4.410236822001528
2051,Pinnacle West Capital Corporati,PNW,Utilities—Regulated Electric,Utilities,5861,0.02039,0.06992,8767147008,77.41,4.08,18.973039215686274
2052,Pioneer Natural Resources Compa,PXD,Oil & Gas E&P,Energy,2076,0.12776,0.25285,55372058624,236.9,28.27,8.379908029713478
2053,"PNC Financial Services Group, I",PNC,Banks—Regional,Financial Services,58231,0.01161,0.13154,51511152640,129.425,14.58,8.876886145404665
2054,Pool Corporation,POOL,Industrial Distribution,Industrials,6000,0.13813,0.44342,15087483904,386.48,15.16,25.4934036939314
2055,"PPG Industries, Inc.",PPG,Specialty Chemicals,Basic Materials,52000,0.05906,0.19243,32934135808,139.84,5.57,25.10592459605027
2056,PPL Corporation,PPL,Utilities—Regulated Electric,Utilities,6527,0.0251,0.05167,19362777088,26.27,0.98,26.806122448979593
2057,Principal Financial Group Inc,PFG,Asset Management,Financial Services,19300,0.00386,0.14854999,18960728064,78.1,16.99,4.5968216597998826
2058,Procter & Gamble Company (The),PG,Household & Personal Products,Consumer Defensive,107000,0.10007,0.31384,372483751936,158.035,5.76,27.436631944444446
2059,Progressive Corporation (The),PGR,Insurance—Property & Casualty,Financial Services,55100,0.01933,0.10776,74055081984,126.525,2.92,43.330479452054796
2060,"Prologis, Inc.",PLD,REIT—Industrial,Real Estate,2466,0.02892,0.07153,113978793984,123.425,3.2,38.5703125
2061,"Prudential Financial, Inc.",PRU,Insurance—Life,Financial Services,39583,0.00354,0.06969,34894000128,95.6,1.33,71.87969924812029
2062,Public Service Enterprise Group,PEG,Utilities—Regulated Electric,Utilities,12525,0.0493,0.19522,30431875072,60.99,4.64,13.144396551724139
2063,PTC Inc.,PTC,Software—Application,Technology,7165,0.058319997,0.12901,17002592256,143.66,2.67,53.80524344569288
2064,Public Storage,PSA,REIT—Industrial,Real Estate,5900,0.08181,0.42507,50682441728,287.48,23.53,12.217594560135996
2065,"PulteGroup, Inc.",PHM,Residential Construction,Consumer Cyclical,6524,0.15645,0.31664,18744991744,85.42,12.02,7.1064891846921805
2066,"Qorvo, Inc.",QRVO,Semiconductors,Technology,8500,0.01211,-0.0023,10451550208,106.52,0.99,107.5959595959596
2067,"Quanta Services, Inc.",PWR,Engineering & Construction,Industrials,47300,0.041550003,0.10931,29550575616,203.55,3.34,60.9431137724551
2068,Quest Diagnostics Incorporated,DGX,Diagnostics & Research,Healthcare,40000,0.06115,0.13312,15166017536,135.4,6.92,19.566473988439306
2069,Ralph Lauren Corporation,RL,Apparel Manufacturing,Consumer Cyclical,14900,0.06428,0.21049,8224345088,126.01,7.58,16.62401055408971
2070,"Raymond James Financial, Inc.",RJF,Capital Markets,Financial Services,17000,0.021300001,0.17965999,22792087552,107.555,7.94,13.545969773299749
2071,RTX Corporation,RTX,Aerospace & Defense,Industrials,182000,0.0308,0.07806,126792032256,86.7761,3.74,23.202165775401067
2072,Realty Income Corporation,O,REIT—Retail,Real Estate,391,0.01869,0.03021,39624568832,58.8581,1.42,41.4493661971831
2073,Regency Centers Corporation,REG,REIT—Retail,Real Estate,440,0.028619999,0.06022,11370840064,66.21,2.24,29.558035714285708
2074,Regions Financial Corporation,RF,Banks—Regional,Financial Services,20349,0.014579999,0.13911,19441803264,20.72,2.35,8.817021276595744
2075,"Republic Services, Inc.",RSG,Waste Management,Industrials,40000,0.05726,0.16223,46872989696,148.2,4.78,31.004184100418406
2076,ResMed Inc.,RMD,Medical Instruments & Supplies,Healthcare,,0.12154,0.23965,26425542656,179.85,5.85,30.743589743589745
2077,"Revvity, Inc.",RVTY,Diagnostics & Research,Healthcare,11000,0.0227,0.03331,15335161856,122.25,2.8,43.66071428571429
2078,Robert Half Inc.,RHI,Staffing & Employment Services,Industrials,16300,0.13881,0.35057998,8229860352,76.37,5.05,15.122772277227725
2079,"Rockwell Automation, Inc.",ROK,Specialty Industrial Machinery,Industrials,26000,0.08541001,0.44652998,34669846528,301.805,11.35,26.590748898678417
2080,"Rollins, Inc.",ROL,Personal Services,Consumer Cyclical,17515,0.13987,0.31481,20100782080,40.79,0.8,50.9875
2081,"Roper Technologies, Inc.",ROP,Software—Application,Technology,15800,0.03886,0.07676,52470444032,492.255,10.91,45.11961503208066
2082,Royal Caribbean Cruises Ltd.,RCL,Travel Services,Consumer Cyclical,102400,0.02566,-0.01523,26508417024,103.655,-4,-25.91375
2083,S&P Global Inc.,SPGI,Financial Data & Stock Exchanges,Financial Services,39660,0.04247,0.06369,126393597952,393.995,8.18,48.165647921760396
2084,"Salesforce, Inc.",CRM,Software—Application,Technology,79390,0.01984,0.0065200003,203283546112,208.71,0.37,564.0810810810812
2085,SBA Communications Corporation,SBAC,REIT—Specialty,Real Estate,1834,0.061739996,,25249744896,231.0999,3.39,68.17106194690265
2086,Schlumberger N.V.,SLB,Oil & Gas Equipment & Services,Energy,99000,0.07129,0.22453,84333412352,59.34,2.73,21.736263736263737
2087,Seagate Technology Holdings PLC,STX,Computer Hardware,Technology,33400,0.00909,,13901414400,67.13,-0.83,-80.87951807228916
2088,Sealed Air Corporation,SEE,Packaging & Containers,Consumer Cyclical,16300,0.08068,1.50717,5692475904,39.4254,2.77,14.232996389891698
2089,DBA Sempra,SRE,Utilities—Diversified,Utilities,15785,0.02554,0.09576,45404426240,144.3,7.76,18.59536082474227
2090,"ServiceNow, Inc.",NOW,Software—Application,Technology,20433,0.024349999,0.25611,114511044608,562.045,1.97,285.3020304568528
2091,Sherwin-Williams Company (The),SHW,Specialty Chemicals,Basic Materials,64366,0.094849996,0.80007005,70953279488,275.13,9,30.57
2092,"Simon Property Group, Inc.",SPG,REIT—Retail,Real Estate,2500,0.0504,0.64829004,44772061184,119.6228,6.61,18.097246596066565
2093,"Skyworks Solutions, Inc.",SWKS,Semiconductors,Technology,11150,0.10094,0.20357999,17303093248,108.7185,6.93,15.68809523809524
2094,J.M. Smucker Company (The) New,SJM,Packaged Foods,Consumer Defensive,5800,0.047519997,-0.011829999,15135468544,148.23,-0.85,-174.38823529411764
2095,Snap-On Incorporated,SNA,Tools & Accessories,Industrials,12900,0.11607,0.21876,14362860544,271.425,18.03,15.054076539101498
2096,"SolarEdge Technologies, Inc.",SEDG,Solar,Technology,4926,0.07236,0.13345,10457294848,185.595,3.36,55.236607142857146
2097,Southern Company (The),SO,Utilities—Regulated Electric,Utilities,27423,0.02638,0.087390006,75831869440,69.545,3.08,22.579545454545453
2098,Southwest Airlines Company,LUV,Airlines,Industrials,71299,0.01006,0.053039998,20125427712,33.8201,1.09,31.027614678899077
2099,"Stanley Black & Decker, Inc.",SWK,Tools & Accessories,Industrials,50000,0.00818,-0.00798,14845683712,96.94,-1.15,-84.29565217391306
2100,State Street Corporation,STT,Asset Management,Financial Services,42688,0.0092,0.10946,23642212352,73.4,7.39,9.932341001353182
2101,"Steel Dynamics, Inc.",STLD,Steel,Basic Materials,12060,0.17151,0.37227002,17538967552,103.76,17.27,6.008106543138391
2102,STERIS plc (Ireland),STE,Medical Devices,Healthcare,17000,0.0462,0.01887,22532380672,228.405,1.07,213.4626168224299
2103,Stryker Corporation,SYK,Medical Devices,Healthcare,51000,0.06692,0.16400999,108676079616,286.285,6.88,41.61119186046512
2104,Synchrony Financial,SYF,Credit Services,Financial Services,18500,0.024030002,0.18302,14487950336,34.645,5.5,6.29909090909091
2105,Sysco Corporation,SYY,Food Distribution,Consumer Defensive,72000,0.0844,1.02436,37022097408,72.935,3.02,24.15066225165563
2106,"T. Rowe Price Group, Inc.",TROW,Asset Management,Financial Services,7903,0.10329001,0.15556,26199877632,115.39,6.12,18.854575163398692
2107,"Take-Two Interactive Software, ",TTWO,Electronic Gaming & Multimedia,Communication Services,11580,-0.02396,-0.17502001,23974307840,141.58,-7.07,-20.025459688826025
2108,"Tapestry, Inc.",TPR,Luxury Goods,Consumer Cyclical,12600,0.1011,0.37542,8312276480,35.86,3.68,9.744565217391305
2109,"Targa Resources, Inc.",TRGP,Oil & Gas Midstream,Energy,2850,0.08863,0.36189997,19118946304,84.59,3.85,21.97142857142857
2110,Target Corporation,TGT,Discount Stores,Consumer Defensive,440000,0.04798,0.24317,60935151616,132.02,5.86,22.52901023890785
2111,TE Connectivity Ltd. New Switze,TEL,Electronic Components,Technology,92000,0.07869,0.18724,43186511872,137.05,6.61,20.73373676248109
2112,Teledyne Technologies Incorpora,TDY,Scientific & Technical Instruments,Technology,14700,0.04563,0.09356,18040104960,383.46,15.84,24.208333333333332
2113,Teleflex Incorporated,TFX,Medical Instruments & Supplies,Healthcare,15500,0.05035,0.091400005,10827446272,230.51,7.68,30.014322916666668
2114,"Teradyne, Inc.",TER,Semiconductor Equipment & Materials,Technology,6500,0.12028,0.23634,16817081344,108.47,3.8,28.544736842105266
2115,Textron Inc.,TXT,Aerospace & Defense,Industrials,34000,0.04434,0.13083,15788519424,78.285,4.05,19.32962962962963
2116,Thermo Fisher Scientific Inc,TMO,Diagnostics & Research,Healthcare,130000,0.04895,0.13257,213733785600,554.115,14.65,37.82354948805461
2117,"TJX Companies, Inc. (The)",TJX,Apparel Retail,Consumer Cyclical,329000,0.10935,0.63275003,100455079936,87.41,3.24,26.978395061728392
2118,Tractor Supply Company,TSCO,Specialty Retail,Consumer Cyclical,52000,0.108669996,0.55452,24425994240,222.93,9.7,22.982474226804126
2119,Trane Technologies plc,TT,Building Products & Equipment,Industrials,39000,0.088149995,0.32001,46479278080,203.81,7.79,26.163029525032094
2120,Transdigm Group Incorporated,TDG,Aerospace & Defense,Industrials,14400,0.081149995,,48007335936,874,16.89,51.74659561870929
2121,"The Travelers Companies, Inc.",TRV,Insurance—Property & Casualty,Financial Services,31850,0.0145000005,0.09989,38391283712,167.69,9.42,17.801486199575372
2122,Trimble Inc.,TRMB,Scientific & Technical Instruments,Technology,11825,0.03907,0.08383001,13732617216,55.43,1.91,29.020942408376964
2123,Truist Financial Corporation,TFC,Banks—Regional,Financial Services,52848,0.01124,0.097550005,41411260416,31.09,4.33,7.18013856812933
2124,"Tyler Technologies, Inc.",TYL,Software—Application,Technology,7247,0.028080001,0.06288,16149625856,385.2,3.71,103.82749326145553
2125,"Tyson Foods, Inc.",TSN,Farm Products,Consumer Defensive,142000,0.0401,0.07847,19387912192,54.52,4.18,13.043062200956939
2126,U.S. Bancorp,USB,Banks—Regional,Financial Services,77000,0.00915,0.113479994,61033209856,39.815,3.59,11.090529247910863
2127,"UDR, Inc.",UDR,REIT—Residential,Real Estate,1317,0.01746,0.09573,22068672512,40.145,1.35,29.737037037037037
2128,"Ulta Beauty, Inc.",ULTA,Specialty Retail,Consumer Cyclical,18500,0.19770001,0.66853,22666203136,455.13,24.13,18.861583091587235
2129,Union Pacific Corporation,UNP,Railroads,Industrials,31766,0.090500005,0.51977,140552978432,230.53,11.32,20.364840989399294
2130,"United Airlines Holdings, Inc.",UAL,Airlines,Industrials,99800,0.046329997,0.45694,17445255168,53.19,7.85,6.775796178343949
2131,"United Parcel Service, Inc.",UPS,Integrated Freight & Logistics,Industrials,500000,0.11238,0.6076,156059582464,181.7,12.36,14.700647249190938
2132,"United Rentals, Inc.",URI,Rental & Leasing Services,Industrials,24600,0.10005,0.33982,33391677440,485.83,31.07,15.636626971355005
2133,UnitedHealth Group Incorporated,UNH,Healthcare Plans,Healthcare,400000,0.0747,0.25072,474155974656,509.28,22.34,22.796777081468218
2134,"Universal Health Services, Inc.",UHS,Medical Care Facilities,Healthcare,93800,0.05335,0.112749994,9334005760,133,9.4,14.148936170212766
2135,Valero Energy Corporation,VLO,Oil & Gas Refining & Marketing,Energy,9716,0.15031,0.44994,48972898304,135.465,35.12,3.857203872437358
2136,"Ventas, Inc.",VTR,REIT—Healthcare Facilities,Real Estate,451,0.01505,0.007900001,17694420992,44.2303,-0.15,-294.8686666666667
2137,"VeriSign, Inc.",VRSN,Software—Infrastructure,Technology,914,0.35334,,21389125632,205.475,6.48,31.7091049382716
2138,Verizon Communications Inc.,VZ,Telecom Services,Communication Services,117100,0.05114,0.23393999,138891329536,33.0379,5,6.6075800000000005
2139,V.F. Corporation,VFC,Apparel Manufacturing,Consumer Cyclical,19800,0.04447,0.03859,7696595968,19.8,0.31,63.87096774193549
2140,Viatris Inc.,VTRS,Drug Manufacturers—Specialty & Generic,Healthcare,37000,,,13608990720,11.35,1.57,7.229299363057324
2141,VICI Properties Inc.,VICI,REIT—Diversified,Real Estate,23,0.04572,0.09442,31578327040,31.445,1.44,21.836805555555557
2142,Visa Inc.,V,Credit Services,Financial Services,26500,0.15286,0.44403,510698487808,243.84,7.48,32.59893048128342
2143,Vulcan Materials Company (Holdi,VMC,Building Materials,Basic Materials,11974,0.05234,0.10536,29754652672,223.62,4.67,47.88436830835118
2144,Westinghouse Air Brake Technolo,WAB,Railroads,Industrials,27000,0.03889,0.06821,20593315840,114.49,3.59,31.891364902506965
2145,Walmart Inc.,WMT,Discount Stores,Consumer Defensive,2100000,0.06476,0.1341,434489753600,161.35,4.16,38.786057692307686
2146,"Waste Management, Inc.",WM,Waste Management,Industrials,49500,0.071329996,0.32351002,65338875904,160.61,5.56,28.88669064748202
2147,Waters Corporation,WAT,Diagnostics & Research,Healthcare,8200,0.14238,1.15964,17270278144,292.55,11.46,25.527923211169284
2148,"WEC Energy Group, Inc.",WEC,Utilities—Regulated Electric,Utilities,7000,0.0297,0.11481,27595831296,87.485,4.27,20.488290398126466
2149,Wells Fargo & Company,WFC,Banks—Diversified,Financial Services,233834,0.00839,0.08719,161854275584,44.13,4,11.0325
2150,Welltower Inc.,WELL,REIT—Healthcare Facilities,Real Estate,514,0.0152900005,0.00638,42824192000,86.16,0.26,331.38461538461536
2151,"West Pharmaceutical Services, I",WST,Medical Instruments & Supplies,Healthcare,10700,0.12487,0.20061001,30270937088,407.73,7.28,56.00686813186813
2152,Western Digital Corporation,WDC,Computer Hardware,Technology,,-0.02693,-0.1425,13584524288,42.46,-2.16,-19.657407407407405
2153,Westrock Company,WRK,Packaging & Containers,Consumer Cyclical,50500,0.03178,-0.13107,8704578560,33.985,-4.9,-6.935714285714285
2154,Weyerhaeuser Company,WY,REIT—Specialty,Real Estate,9264,0.04265,0.066989996,24377767936,33.2895,1.71,19.467543859649123
2155,Whirlpool Corporation,WHR,"Furnishings, Fixtures & Appliances",Consumer Cyclical,61000,0.0352,-0.48360002,7734924800,140.635,-27.07,-5.195234577022534
2156,"Williams Companies, Inc. (The)",WMB,Oil & Gas Midstream,Energy,5043,0.05347,0.20367001,42685378560,35.04,2.12,16.528301886792452
2157,Willis Towers Watson Public Lim,WTW,Insurance Brokers,Financial Services,46000,0.03504,0.10762,21607690240,203.055,10.27,19.771665043816945
2158,"W.W. Grainger, Inc.",GWW,Industrial Distribution,Industrials,23000,0.20698,0.64546996,36011126784,717.825,32.62,22.005671367259353
2159,"Wynn Resorts, Limited",WYNN,Resorts & Casinos,Consumer Cyclical,27000,0.00236,,11919202304,104.74,-2.16,-48.49074074074073
2160,Xylem Inc.,XYL,Specialty Industrial Machinery,Industrials,22000,0.03464,0.05369,24796637184,103.58,2.05,50.52682926829269
2161,"Yum! Brands, Inc.",YUM,Restaurants,Consumer Cyclical,36000,0.24263,,37696909312,134.59,4.26,31.593896713615027
2162,Zebra Technologies Corporation,ZBRA,Communication Equipment,Technology,10500,0.077659994,0.23615,13335362560,259.29,7.84,33.07270408163266
2163,"Zimmer Biomet Holdings, Inc.",ZBH,Medical Devices,Healthcare,18000,0.04183,0.041350003,26315638784,126.04,2.14,58.89719626168224
2164,Zions Bancorporation N.A.,ZION,Banks—Regional,Financial Services,10103,0.01006,0.16125,5583547392,37.69,5.85,6.442735042735043
2165,Zoetis Inc.,ZTS,Drug Manufacturers—Specialty & Generic,Healthcare,13800,0.13014,0.45207,88279564288,191.035,4.41,43.31859410430839
2166,Berkshire Hathaway Inc. New,BRK-B,Insurance—Diversified,Financial Services,383000,,,790586982400,361.78,3.4,106.40588235294118
